{
    "<BOL>, NOUN": 0.0763615946097698,
    "NOUN, ADP": 0.2831331818673591,
    "ADP, DET": 0.4281327960084437,
    "DET, NOUN": 0.6351409978308026,
    "NOUN, AUX": 0.07443470734609975,
    "AUX, PART": 0.08144578313253012,
    "PART, VERB": 0.5513698630136986,
    "VERB, DET": 0.22957575757575757,
    "NOUN, PUNCT": 0.28648707129719786,
    "PUNCT, NOUN": 0.07913809990205681,
    "NOUN, NOUN": 0.09390890403548631,
    "PUNCT, <EOL>": 0.3486777668952008,
    "<BOL>, PROPN": 0.08253790005614824,
    "PROPN, PROPN": 0.1728395061728395,
    "PROPN, VERB": 0.0962962962962963,
    "DET, PUNCT": 0.0078091106290672455,
    "PUNCT, ADP": 0.06581782566111655,
    "ADP, PUNCT": 0.010938399539435808,
    "PUNCT, VERB": 0.061704211557296766,
    "VERB, PUNCT": 0.07709090909090908,
    "NOUN, VERB": 0.06026181975549064,
    "PUNCT, CCONJ": 0.06013712047012733,
    "CCONJ, VERB": 0.11768707482993197,
    "VERB, NOUN": 0.11151515151515151,
    "ADP, NOUN": 0.20399155632316254,
    "VERB, ADP": 0.2349090909090909,
    "<BOL>, DET": 0.1897810218978102,
    "AUX, VERB": 0.4269879518072289,
    "NOUN, CCONJ": 0.07097262793465325,
    "CCONJ, PUNCT": 0.021768707482993196,
    "CCONJ, ADJ": 0.16394557823129252,
    "ADJ, ADJ": 0.06084656084656084,
    "ADJ, NOUN": 0.6722516166960611,
    "<BOL>, ADP": 0.13812464907355418,
    "ADP, VERB": 0.035309921320284016,
    "VERB, ADV": 0.06278787878787878,
    "ADV, PUNCT": 0.1901323706377858,
    "PUNCT, PRON": 0.06895200783545544,
    "PRON, VERB": 0.3018446059250978,
    "VERB, CCONJ": 0.018424242424242423,
    "VERB, PART": 0.05818181818181818,
    "PART, AUX": 0.0702054794520548,
    "VERB, PRON": 0.048,
    "PRON, DET": 0.019005030743432086,
    "ADV, ADP": 0.1197352587244284,
    "CCONJ, NOUN": 0.22789115646258504,
    "NOUN, PRON": 0.026073785567456452,
    "DET, ADJ": 0.24924078091106291,
    "<BOL>, PUNCT": 0.07916900617630544,
    "PUNCT, PROPN": 0.05563173359451518,
    "PROPN, PUNCT": 0.2641975308641975,
    "<BOL>, NUM": 0.011229646266142616,
    "NUM, PUNCT": 0.40533672172808133,
    "PUNCT, ADJ": 0.03721841332027424,
    "<BOL>, ADJ": 0.025266704098820886,
    "ADJ, ADP": 0.06907701352145797,
    "PROPN, ADV": 0.01037037037037037,
    "ADV, VERB": 0.2214199759326113,
    "ADJ, PUNCT": 0.08641975308641975,
    "PUNCT, ADV": 0.039569049951028404,
    "NOUN, PART": 0.03635183382018825,
    "<BOL>, PART": 0.003368893879842785,
    "PUNCT, PART": 0.007835455435847209,
    "ADP, NUM": 0.04279408942621378,
    "NUM, CCONJ": 0.04193138500635324,
    "CCONJ, ADV": 0.05374149659863946,
    "ADV, ADJ": 0.14560770156438027,
    "CCONJ, PART": 0.019727891156462583,
    "VERB, ADJ": 0.06472727272727273,
    "NOUN, DET": 0.00551768906199286,
    "ADP, ADJ": 0.10784878142391095,
    "NOUN, ADJ": 0.010061668289516391,
    "PUNCT, SCONJ": 0.023506366307541625,
    "SCONJ, DET": 0.2845786963434022,
    "AUX, DET": 0.07421686746987952,
    "AUX, AUX": 0.11132530120481927,
    "NOUN, SCONJ": 0.01103537812398572,
    "SCONJ, ADV": 0.012718600953895072,
    "ADJ, CCONJ": 0.040858318636096416,
    "ADP, AUX": 0.002110919209364805,
    "AUX, ADV": 0.14457831325301204,
    "ADJ, PART": 0.019106407995296885,
    "PART, ADV": 0.046232876712328765,
    "NOUN, NUM": 0.007465108730931516,
    "NUM, ADV": 0.007623888182973317,
    "ADV, AUX": 0.0421179302045728,
    "ADP, CCONJ": 0.004413740165035502,
    "DET, VERB": 0.010629067245119306,
    "<BOL>, PRON": 0.1729365524985963,
    "PRON, AUX": 0.3583007266629402,
    "CCONJ, DET": 0.13741496598639455,
    "PART, NOUN": 0.2011986301369863,
    "ADJ, DET": 0.0023515579071134627,
    "CCONJ, ADP": 0.07006802721088436,
    "ADV, ADV": 0.1095066185318893,
    "DET, PRON": 0.005206073752711497,
    "CCONJ, PRON": 0.06462585034013606,
    "DET, PROPN": 0.05357917570498916,
    "PROPN, NOUN": 0.11012345679012346,
    "NOUN, ADV": 0.01698582711240939,
    "PRON, PART": 0.017887087758524316,
    "<BOL>, SCONJ": 0.04042672655811342,
    "SCONJ, PRON": 0.2893481717011129,
    "AUX, PUNCT": 0.014939759036144579,
    "PUNCT, DET": 0.06620959843290891,
    "NOUN, PROPN": 0.015471167369901548,
    "PROPN, ADP": 0.06320987654320988,
    "PUNCT, X": 0.0007835455435847208,
    "X, PROPN": 0.006535947712418301,
    "PROPN, NUM": 0.037037037037037035,
    "NUM, PROPN": 0.10419313850063533,
    "PUNCT, PUNCT": 0.03232125367286973,
    "SCONJ, VERB": 0.057233704292527825,
    "ADJ, PROPN": 0.01352145796590241,
    "PRON, NOUN": 0.01621017328116266,
    "PROPN, AUX": 0.07111111111111111,
    "<BOL>, CCONJ": 0.045480067377877596,
    "X, PUNCT": 0.26143790849673204,
    "<BOL>, VERB": 0.049410443571027515,
    "SCONJ, ADP": 0.028616852146263912,
    "VERB, SCONJ": 0.046303030303030304,
    "PROPN, CCONJ": 0.05234567901234568,
    "ADP, ADP": 0.018422567645365574,
    "AUX, NOUN": 0.012048192771084338,
    "AUX, ADJ": 0.08289156626506024,
    "ADP, PRON": 0.039339857992707734,
    "PRON, ADP": 0.07322526551145891,
    "ADV, SCONJ": 0.028279181708784597,
    "SCONJ, NOUN": 0.10492845786963434,
    "PUNCT, AUX": 0.019588638589618023,
    "VERB, VERB": 0.009454545454545455,
    "PUNCT, NUM": 0.03232125367286973,
    "CCONJ, NUM": 0.017006802721088437,
    "NUM, AUX": 0.007623888182973317,
    "CCONJ, AUX": 0.027210884353741496,
    "ADJ, VERB": 0.009112286890064668,
    "ADP, SCONJ": 0.0028785261945883708,
    "AUX, ADP": 0.01783132530120482,
    "PRON, PUNCT": 0.06484069312465064,
    "ADP, PROPN": 0.08309345615045097,
    "ADJ, NUM": 0.006760728982951205,
    "SCONJ, PROPN": 0.08108108108108109,
    "PROPN, PART": 0.10222222222222223,
    "ADV, PART": 0.018050541516245487,
    "DET, DET": 0.004121475054229935,
    "ADV, PRON": 0.017448856799037304,
    "<BOL>, ADV": 0.07748455923638406,
    "ADV, NOUN": 0.01865222623345367,
    "NUM, ADP": 0.08259212198221093,
    "ADV, DET": 0.048134777376654635,
    "<BOL>, AUX": 0.004491858506457047,
    "AUX, PRON": 0.014939759036144579,
    "DET, CCONJ": 0.00021691973969631235,
    "PRON, PRON": 0.05086640581330352,
    "PRON, ADV": 0.045835662381218556,
    "DET, ADV": 0.015618221258134491,
    "NUM, VERB": 0.016518424396442185,
    "PART, DET": 0.011986301369863013,
    "CCONJ, SCONJ": 0.01292517006802721,
    "PART, ADJ": 0.07876712328767123,
    "NUM, NOUN": 0.18678526048284624,
    "DET, ADP": 0.0008676789587852494,
    "ADJ, SCONJ": 0.008524397413286302,
    "PRON, CCONJ": 0.006707657909446618,
    "ADP, ADV": 0.015544041450777202,
    "<BOL>, INTJ": 0.0011229646266142617,
    "INTJ, PUNCT": 1.0,
    "SCONJ, PUNCT": 0.04769475357710652,
    "PRON, SCONJ": 0.007825600894354388,
    "PART, ADP": 0.004280821917808219,
    "PART, PART": 0.005136986301369863,
    "SCONJ, SCONJ": 0.00794912559618442,
    "DET, NUM": 0.0158351409978308,
    "SCONJ, ADJ": 0.06677265500794913,
    "ADV, CCONJ": 0.01865222623345367,
    "PART, PUNCT": 0.011986301369863013,
    "CCONJ, _": 0.0006802721088435374,
    "_, AUX": 0.9615384615384616,
    "AUX, SCONJ": 0.005783132530120482,
    "PRON, _": 0.008943543879262158,
    "PART, CCONJ": 0.0008561643835616438,
    "VERB, AUX": 0.004121212121212121,
    "PRON, ADJ": 0.0184460592509782,
    "VERB, PROPN": 0.024,
    "VERB, NUM": 0.009939393939393939,
    "PART, NUM": 0.003424657534246575,
    "ADJ, ADV": 0.0049970605526161085,
    "PROPN, PRON": 0.005432098765432099,
    "SCONJ, NUM": 0.011128775834658187,
    "NUM, SYM": 0.043202033036848796,
    "SYM, ADP": 0.40476190476190477,
    "ADJ, PRON": 0.0029394473838918285,
    "NUM, ADJ": 0.053367217280813214,
    "CCONJ, PROPN": 0.06326530612244897,
    "ADV, NUM": 0.01444043321299639,
    "AUX, NUM": 0.00819277108433735,
    "NOUN, _": 0.0007573298712539219,
    "ADV, X": 0.0006016847172081829,
    "DET, X": 0.0015184381778741865,
    "X, X": 0.6013071895424836,
    "X, NOUN": 0.013071895424836602,
    "CCONJ, X": 0.0013605442176870747,
    "ADJ, AUX": 0.0023515579071134627,
    "NUM, PRON": 0.010165184243964422,
    "PUNCT, INTJ": 0.0005876591576885406,
    "PROPN, ADJ": 0.01037037037037037,