{
    "<BOL>, NOUN": -3.758991900496205,
    "NOUN, ADP": -1.8348215178072167,
    "ADP, DET": -1.2233531408955016,
    "DET, NOUN": -0.6557587165185852,
    "NOUN, AUX": -3.728655960590289,
    "AUX, PART": -3.6432002702176707,
    "PART, VERB": -0.8543758191176549,
    "VERB, DET": -2.145390714460546,
    "NOUN, PUNCT": -1.7929413872008542,
    "PUNCT, NOUN": -3.6559334645474157,
    "NOUN, NOUN": -3.395851276452321,
    "PUNCT, <EOL>": -1.495293441999546,
    "<BOL>, PROPN": -3.6334610184123464,
    "PROPN, PROPN": -2.511097262871539,
    "PROPN, VERB": -3.3855663807876804,
    "DET, PUNCT": -6.966080191757964,
    "PUNCT, ADP": -3.95882945896958,
    "ADP, PUNCT": -6.544669794773123,
    "PUNCT, VERB": -4.047834465028325,
    "VERB, PUNCT": -3.711626007112797,
    "NOUN, VERB": -4.01686343763365,
    "PUNCT, CCONJ": -4.047834465028325,
    "CCONJ, VERB": -3.034697620748089,
    "VERB, NOUN": -3.1526587149245855,
    "ADP, NOUN": -2.2967422813295375,
    "VERB, ADP": -2.0843527015336765,
    "<BOL>, DET": -2.415037499278844,
    "AUX, VERB": -1.2384457442006878,
    "NOUN, CCONJ": -3.84852643309453,
    "CCONJ, PUNCT": -5.517090387828698,
    "CCONJ, ADJ": -2.644551297010956,
    "ADJ, ADJ": -4.024166311130752,
    "ADJ, NOUN": -0.5789836482317346,
    "<BOL>, ADP": -2.869014687824033,
    "ADP, VERB": -4.8274000019478365,
    "VERB, ADV": -3.990201263842369,
    "ADV, PUNCT": -2.3366914475591027,
    "PUNCT, PRON": -3.829194178552984,
    "PRON, VERB": -1.6823804564006033,
    "VERB, CCONJ": -5.711626007112797,
    "VERB, PART": -4.081575616863103,
    "PART, AUX": -3.882348411345727,
    "VERB, PRON": -4.382844241184372,
    "PRON, DET": -5.640152221011306,
    "ADV, ADP": -3.0668033706842466,
    "CCONJ, NOUN": -2.1492260087744763,
    "NOUN, PRON": -5.282757497606685,
    "DET, ADJ": -2.0011839927138797,
    "<BOL>, PUNCT": -3.71919089243823,
    "PUNCT, PROPN": -4.18533798877826,
    "PROPN, PUNCT": -1.900644787396333,
    "<BOL>, NUM": -6.218423519133502,
    "NUM, PUNCT": -1.32961337815034,
    "PUNCT, ADJ": -4.792104859817765,
    "<BOL>, ADJ": -5.275007047499869,
    "ADJ, ADP": -3.847038623530086,
    "PROPN, ADV": -6.665674299980416,
    "ADV, VERB": -2.202940058670275,
    "ADJ, PUNCT": -3.4876652993662414,
    "PUNCT, ADV": -4.6862362247109415,
    "NOUN, PART": -4.796513047835421,
    "<BOL>, PART": -8.333900736553439,
    "PUNCT, PART": -7.0922285843867785,
    "ADP, NUM": -4.520422248526446,
    "NUM, CCONJ": -4.681824039973745,
    "CCONJ, ADV": -4.178288474376939,
    "ADV, ADJ": -2.7710942717048774,
    "CCONJ, PART": -5.746572233951465,
    "VERB, ADJ": -3.9491253208394532,
    "NOUN, DET": -7.532116966543402,
    "ADP, ADJ": -3.2227416998857605,
    "NOUN, ADJ": -6.601825938354806,
    "PUNCT, SCONJ": -5.425471992501975,
    "SCONJ, DET": -1.8723174470610924,
    "AUX, DET": -3.68477937396907,
    "AUX, AUX": -3.2322671692715637,
    "NOUN, SCONJ": -6.5051499189431325,
    "SCONJ, ADV": -6.388017285345135,
    "ADJ, CCONJ": -4.628757618600841,
    "ADP, AUX": -8.967881225497667,
    "AUX, ADV": -2.7717150107403508,
    "ADJ, PART": -5.731119336230519,
    "PART, ADV": -4.476028129167992,
    "NOUN, NUM": -7.110290301601919,
    "NUM, ADV": -7.141255658611042,
    "ADV, AUX": -4.521116018696531,
    "ADP, CCONJ": -7.903750888077951,
    "DET, VERB": -6.523561956057013,
    "<BOL>, PRON": -2.4759197414258662,
    "PRON, AUX": -1.455912622634038,
    "CCONJ, DET": -2.876632774515838,
    "PART, NOUN": -2.2916035580305647,
    "ADJ, DET": -8.648657176038546,
    "CCONJ, ADP": -3.8630862426778902,
    "ADV, ADV": -3.210473731355683,
    "DET, PRON": -7.666519909899056,
    "CCONJ, PRON": -3.8363689043021107,
    "DET, PROPN": -4.240255155196958,
    "PROPN, NOUN": -3.2000107276316037,
    "NOUN, ADV": -5.825409193469876,
    "PRON, PART": -5.8380915986232145,
    "<BOL>, SCONJ": -4.652076696579694,
    "SCONJ, PRON": -1.7369655941662063,
    "AUX, PUNCT": -6.102631888854968,
    "PUNCT, DET": -3.926316645451089,
    "NOUN, PROPN": -6.04086890064444,
    "PROPN, ADP": -4.002709287257987,
    "PUNCT, X": -10.414156679274141,
    "X, PROPN": -7.3750394313469245,
    "PROPN, NUM": -4.829173032263295,
    "NUM, PROPN": -3.333900736553438,
    "PUNCT, PUNCT": -4.979528451637416,
    "SCONJ, VERB": -4.102615066482887,
    "ADJ, PROPN": -6.263993325803221,
    "PRON, NOUN": -5.9255544398735545,
    "PROPN, AUX": -3.8006038800665243,
    "<BOL>, CCONJ": -4.289506617194985,
    "X, PUNCT": -1.851477475289912,
    "<BOL>, VERB": -4.395301281217582,
    "SCONJ, ADP": -5.1400897719015495,
    "VERB, SCONJ": -4.424463330386111,
    "PROPN, CCONJ": -4.26357585640907,
    "ADP, ADP": -5.740812316951746,
    "AUX, NOUN": -6.195741293246449,
    "AUX, ADJ": -3.5557374289673316,
    "ADP, PRON": -4.672425341971495,
    "PRON, ADP": -3.7860030874747608,
    "ADV, SCONJ": -5.173192715276223,
    "SCONJ, NOUN": -3.238270165840453,
    "PUNCT, AUX": -5.6862362247109415,
    "VERB, VERB": -6.746391425273473,
    "PUNCT, NUM": -4.979528451637416,
    "CCONJ, NUM": -5.960697039304312,
    "NUM, AUX": -7.141255658611042,
    "CCONJ, AUX": -5.178288474376939,
    "ADJ, VERB": -6.774188058122404,
    "ADP, SCONJ": -8.427312844134963,
    "AUX, ADP": -5.780703793967605,
    "PRON, PUNCT": -3.994817102310668,
    "ADP, PROPN": -3.578689903705626,
    "ADJ, NUM": -7.0636946753173895,
    "SCONJ, PROPN": -3.6600968307819355,
    "PROPN, PART": -3.316524736358029,
    "ADV, PART": -5.881011963782913,
    "DET, DET": -8.003554897176626,
    "ADV, PRON": -5.787902559391432,
    "<BOL>, ADV": -3.699694716812433,
    "ADV, NOUN": -5.833706249004556,
    "NUM, ADP": -3.6601289688744263,
    "ADV, DET": -4.395585136612671,
    "<BOL>, AUX": -7.918863237274595,
    "AUX, PRON": -6.015169047604629,
    "DET, CCONJ": -12.251482410620213,
    "PRON, PRON": -4.310844595758346,
    "PRON, ADV": -4.568002435255471,
    "DET, ADV": -5.966080191757964,
    "NUM, VERB": -5.918863237274595,
    "PART, DET": -6.350497247084133,
    "CCONJ, SCONJ": -6.080991273022025,
    "PART, ADJ": -3.6724253419714956,
    "NUM, NOUN": -2.325338723050014,
    "DET, ADP": -10.251482410620213,
    "ADJ, SCONJ": -6.91169158187234,
    "PRON, CCONJ": -7.340591939152398,
    "ADP, ADV": -5.9843693482862355,
    "<BOL>, INTJ": -9.918863237274595,
    "INTJ, PUNCT": 0.0,
    "SCONJ, PUNCT": -4.388017285345135,
    "PRON, SCONJ": -7.11819951781595,
    "PART, ADP": -7.9354597478052895,
    "PART, PART": -7.672425341971495,
    "SCONJ, SCONJ": -7.066089190457772,
    "DET, NUM": -5.94770166244311,
    "SCONJ, ADJ": -3.8334284336674975,
    "ADV, CCONJ": -5.833706249004556,
    "PART, PUNCT": -6.4500329206350475,
    "AUX, SCONJ": -7.402192170713875,
    "PART, CCONJ": -9.257387842692651,
    "VERB, AUX": -8.016480588641217,
    "PRON, ADJ": -5.755629438431242,
    "VERB, PROPN": -5.403503711750465,
    "VERB, NUM": -6.460087240116833,
    "PART, NUM": -8.257387842692651,
    "ADJ, ADV": -7.731119336230519,
    "PROPN, PRON": -7.4730292220380194,
    "SCONJ, NUM": -6.580662363287531,
    "NUM, SYM": -4.556293157889886,
    "SYM, ADP": -1.2895066171949847,
    "ADJ, PRON": -8.359150558843561,
    "NUM, ADJ": -4.171629307654562,
    "CCONJ, PROPN": -4.034697620748089,
    "ADV, NUM": -6.0330150572279635,
    "AUX, NUM": -6.932706887412656,
    "ADV, X": -10.787902559391432,
    "DET, X": -9.444127488562607,
    "X, X": -0.7603295872317165,
    "X, NOUN": -6.3750394313469245,
    "CCONJ, X": -9.019590728357882,
    "ADJ, AUX": -8.818582177480858,
    "NUM, PRON": -6.556293157889886,
    "PUNCT, INTJ": -10.829194178552985,
    "PROPN, ADJ": -6.4730292220380194,
    "ADP, PART": -10.105384749247602,
    "NUM, NUM": -5.81932756372368,
    "SYM, VERB": -5.459431618637297,
    "PART, PROPN": -6.5569481245515595,
    "SYM, NOUN": -3.137503523749935,
    "SYM, PUNCT": -2.652076696579693,
    "SYM, PROPN": -5.459431618637297,
    "NUM, DET": -6.556293157889886,
    "PROPN, DET": -8.47302922203802,