{
    "<BOL>, NOUN": 0.07386363636363637,
    "NOUN, ADP": 0.2803261977573904,
    "ADP, DET": 0.42828612926652143,
    "DET, NOUN": 0.6347415914684167,
    "NOUN, AUX": 0.07543323139653414,
    "AUX, PART": 0.08003638017280582,
    "PART, VERB": 0.5531045751633987,
    "VERB, DET": 0.22603362108132666,
    "NOUN, PUNCT": 0.28858307849133535,
    "PUNCT, NOUN": 0.07933308904360571,
    "NOUN, NOUN": 0.09500509683995922,
    "PUNCT, <EOL>": 0.3547086844998168,
    "<BOL>, PROPN": 0.08057851239669421,
    "PROPN, PROPN": 0.175422138836773,
    "PROPN, VERB": 0.09568480300187618,
    "DET, PUNCT": 0.007998359310910582,
    "PUNCT, ADP": 0.06430927079516306,
    "ADP, PUNCT": 0.010711692084241104,
    "PUNCT, VERB": 0.06046170758519604,
    "VERB, PUNCT": 0.07632894139027714,
    "NOUN, VERB": 0.0617737003058104,
    "PUNCT, CCONJ": 0.06046170758519604,
    "CCONJ, VERB": 0.12202954399486192,
    "VERB, NOUN": 0.11244888686960472,
    "ADP, NOUN": 0.20352214960058096,
    "VERB, ADP": 0.23580190822353475,
    "<BOL>, DET": 0.1875,
    "AUX, VERB": 0.42382901318781263,
    "NOUN, CCONJ": 0.06941896024464832,
    "CCONJ, PUNCT": 0.021836865767501604,
    "CCONJ, ADJ": 0.1599229287090559,
    "ADJ, ADJ": 0.061461794019933555,
    "ADJ, NOUN": 0.6694352159468439,
    "<BOL>, ADP": 0.1368801652892562,
    "ADP, VERB": 0.03522149600580973,
    "VERB, ADV": 0.06292594275329395,
    "ADV, PUNCT": 0.19796380090497737,
    "PUNCT, PRON": 0.07035544155368267,
    "PRON, VERB": 0.3115681233933162,
    "VERB, CCONJ": 0.019082235347569285,
    "VERB, PART": 0.059064061790095414,
    "PART, AUX": 0.06781045751633986,
    "VERB, PRON": 0.047932757837346664,
    "PRON, DET": 0.02005141388174807,
    "ADV, ADP": 0.11934389140271494,
    "CCONJ, NOUN": 0.2254335260115607,
    "NOUN, PRON": 0.025688073394495414,
    "DET, ADJ": 0.2497949138638228,
    "<BOL>, PUNCT": 0.0759297520661157,
    "PUNCT, PROPN": 0.05496518871381458,
    "PROPN, PUNCT": 0.2678236397748593,
    "<BOL>, NUM": 0.013429752066115703,
    "NUM, PUNCT": 0.39787485242030696,
    "PUNCT, ADJ": 0.03609380725540491,
    "<BOL>, ADJ": 0.025826446280991736,
    "ADJ, ADP": 0.0694905869324474,
    "PROPN, ADV": 0.009849906191369606,
    "ADV, VERB": 0.2171945701357466,
    "ADJ, PUNCT": 0.08914728682170543,
    "PUNCT, ADV": 0.03884206669109564,
    "NOUN, PART": 0.03598369011213048,
    "<BOL>, PART": 0.0030991735537190084,
    "PUNCT, PART": 0.007328691828508612,
    "ADP, NUM": 0.04357298474945534,
    "NUM, CCONJ": 0.03896103896103896,
    "CCONJ, ADV": 0.05523442517662171,
    "ADV, ADJ": 0.14649321266968326,
    "CCONJ, PART": 0.018625561978163133,
    "VERB, ADJ": 0.06474329850068151,
    "NOUN, DET": 0.005402650356778797,
    "ADP, ADJ": 0.10711692084241103,
    "NOUN, ADJ": 0.010295616717635066,
    "PUNCT, SCONJ": 0.02326859655551484,
    "SCONJ, DET": 0.27313432835820894,
    "AUX, DET": 0.07776261937244201,
    "AUX, AUX": 0.10641200545702592,
    "NOUN, SCONJ": 0.011009174311926606,
    "SCONJ, ADV": 0.011940298507462687,
    "ADJ, CCONJ": 0.040420819490586936,
    "ADP, AUX": 0.0019970951343500363,
    "AUX, ADV": 0.14643019554342884,
    "ADJ, PART": 0.018826135105204873,
    "PART, ADV": 0.04493464052287582,
    "NOUN, NUM": 0.007237512742099898,
    "NUM, ADV": 0.0070838252656434475,
    "ADV, AUX": 0.04355203619909502,
    "ADP, CCONJ": 0.004175744371822803,
    "DET, VERB": 0.010869565217391304,
    "<BOL>, PRON": 0.1797520661157025,
    "PRON, AUX": 0.36452442159383036,
    "CCONJ, DET": 0.1361592806679512,
    "PART, NOUN": 0.2042483660130719,
    "ADJ, DET": 0.0024916943521594683,
    "CCONJ, ADP": 0.06872190109184328,
    "ADV, ADV": 0.1080316742081448,
    "DET, PRON": 0.004922067268252666,
    "CCONJ, PRON": 0.07000642260757868,
    "DET, PROPN": 0.05291222313371616,
    "PROPN, NOUN": 0.10881801125703565,
    "NOUN, ADV": 0.01763506625891947,
    "PRON, PART": 0.017480719794344474,
    "<BOL>, SCONJ": 0.03977272727272727,
    "SCONJ, PRON": 0.3,
    "AUX, PUNCT": 0.01455206912232833,
    "PUNCT, DET": 0.06577500916086479,
    "NOUN, PROPN": 0.015188583078491335,
    "PROPN, ADP": 0.0623827392120075,
    "PUNCT, X": 0.0007328691828508611,
    "X, PROPN": 0.006024096385542169,
    "PROPN, NUM": 0.03517823639774859,
    "NUM, PROPN": 0.09917355371900827,
    "PUNCT, PUNCT": 0.031696592158299744,
    "SCONJ, VERB": 0.058208955223880594,
    "ADJ, PROPN": 0.01301218161683278,
    "PRON, NOUN": 0.016452442159383032,
    "PROPN, AUX": 0.07176360225140713,
    "<BOL>, CCONJ": 0.05113636363636364,
    "X, PUNCT": 0.27710843373493976,
    "<BOL>, VERB": 0.047520661157024795,
    "SCONJ, ADP": 0.028358208955223882,
    "VERB, SCONJ": 0.046569741026806,
    "PROPN, CCONJ": 0.052063789868667915,
    "ADP, ADP": 0.01870007262164125,
    "AUX, NOUN": 0.013642564802182811,
    "AUX, ADJ": 0.08503865393360618,
    "ADP, PRON": 0.0392156862745098,
    "PRON, ADP": 0.0724935732647815,
    "ADV, SCONJ": 0.02771493212669683,
    "SCONJ, NOUN": 0.10597014925373134,
    "PUNCT, AUX": 0.01942103334554782,
    "VERB, VERB": 0.0093139482053612,
    "PUNCT, NUM": 0.031696592158299744,
    "CCONJ, NUM": 0.01605651894669236,
    "NUM, AUX": 0.0070838252656434475,
    "CCONJ, AUX": 0.027617212588310854,
    "ADJ, VERB": 0.009136212624584718,
    "ADP, SCONJ": 0.002904865649963689,
    "AUX, ADP": 0.018190086402910415,
    "PRON, PUNCT": 0.06272493573264781,
    "ADP, PROPN": 0.0836964415395788,
    "ADJ, NUM": 0.007475083056478406,
    "SCONJ, PROPN": 0.0791044776119403,
    "PROPN, PART": 0.10037523452157598,
    "ADV, PART": 0.016968325791855202,
    "DET, DET": 0.003896636587366694,
    "ADV, PRON": 0.01809954751131222,
    "<BOL>, ADV": 0.07696280991735537,
    "ADV, NOUN": 0.01753393665158371,
    "NUM, ADP": 0.07910271546635184,
    "ADV, DET": 0.04751131221719457,
    "<BOL>, AUX": 0.004132231404958678,
    "AUX, PRON": 0.015461573442473852,
    "DET, CCONJ": 0.00020508613617719443,
    "PRON, PRON": 0.05038560411311054,
    "PRON, ADV": 0.042159383033419026,
    "DET, ADV": 0.015996718621821164,
    "NUM, VERB": 0.01652892561983471,
    "PART, DET": 0.012254901960784314,
    "CCONJ, SCONJ": 0.014771997430956968,
    "PART, ADJ": 0.0784313725490196,
    "NUM, NOUN": 0.19952774498229045,
    "DET, ADP": 0.0008203445447087777,
    "ADJ, SCONJ": 0.008305647840531562,
    "PRON, CCONJ": 0.006169665809768638,
    "ADP, ADV": 0.01579520697167756,
    "<BOL>, INTJ": 0.0010330578512396695,
    "INTJ, PUNCT": 1.0,
    "SCONJ, PUNCT": 0.04776119402985075,
    "PRON, SCONJ": 0.0071979434447300775,
    "PART, ADP": 0.004084967320261438,
    "PART, PART": 0.004901960784313725,
    "SCONJ, SCONJ": 0.007462686567164179,
    "DET, NUM": 0.01620180475799836,
    "SCONJ, ADJ": 0.07014925373134329,
    "ADV, CCONJ": 0.01753393665158371,
    "PART, PUNCT": 0.011437908496732025,
    "AUX, SCONJ": 0.005911778080945885,
    "PART, CCONJ": 0.0016339869281045752,
    "VERB, AUX": 0.003861880963198546,
    "PRON, ADJ": 0.018508997429305913,
    "VERB, PROPN": 0.023625624716038164,
    "VERB, NUM": 0.011358473421172195,
    "PART, NUM": 0.0032679738562091504,
    "ADJ, ADV": 0.004706533776301218,
    "PROPN, PRON": 0.005628517823639775,
    "SCONJ, NUM": 0.010447761194029851,
    "NUM, SYM": 0.04250295159386069,
    "SYM, ADP": 0.4090909090909091,
    "ADJ, PRON": 0.003045404208194906,
    "NUM, ADJ": 0.05548996458087367,
    "CCONJ, PROPN": 0.06101477199743096,
    "ADV, NUM": 0.015271493212669683,
    "AUX, NUM": 0.008185538881309686,
    "ADV, X": 0.0005656108597285068,
    "DET, X": 0.001435602953240361,
    "X, X": 0.5903614457831325,
    "X, NOUN": 0.012048192771084338,
    "CCONJ, X": 0.0019267822736030828,
    "ADJ, AUX": 0.0022148394241417496,
    "NUM, PRON": 0.010625737898465172,
    "PUNCT, INTJ": 0.0005496518871381459,
    "PROPN, ADJ": 0.01125703564727955,
    "ADP, PART": 0.0009077705156136529,
    "NUM, NUM": 0.01770956316410862,
    "SYM, VERB": 0.022727272727272728,
    "PART, PROPN": 0.010620915032679739,