{
    "<BOL>, DET": 0.3490589711417817,
    "DET, NOUN": 0.7150413742536923,
    "NOUN, ADP": 0.31940354270141974,
    "ADP, NOUN": 0.19146450243099614,
    "NOUN, CCONJ": 0.04860225924135203,
    "CCONJ, NOUN": 0.11716062934504208,
    "ADP, PROPN": 0.1196653140193726,
    "PROPN, VERB": 0.08214957175684144,
    "VERB, NUM": 0.017565612729902872,
    "NUM, NOUN": 0.5372697328290839,
    "CCONJ, DET": 0.1964141968532748,
    "DET, NUM": 0.029564261024405573,
    "NUM, ADP": 0.18360375747224594,
    "NOUN, VERB": 0.03513032394180476,
    "VERB, ADP": 0.2520263598998875,
    "ADP, NUM": 0.0352400216088546,
    "NOUN, PUNCT": 0.2169135422618786,
    "PUNCT, VERB": 0.06970703816768144,
    "VERB, ADV": 0.07329338017496728,
    "ADV, DET": 0.08168555582348686,
    "NOUN, _": 0.05747000131862336,
    "_, ADP": 0.8505837942235098,
    "ADP, DET": 0.5102453610060681,
    "DET, PROPN": 0.11178904367864251,
    "PROPN, PROPN": 0.24294965531648213,
    "PROPN, PUNCT": 0.36149989555044915,
    "PUNCT, <EOL>": 0.268135130120929,
    "<BOL>, ADP": 0.1495608531994981,
    "PUNCT, DET": 0.08281189387934088,
    "NOUN, DET": 0.015120214496066106,
    "PROPN, AUX": 0.029141424691873825,
    "AUX, ADP": 0.03931163852866813,
    "PROPN, CCONJ": 0.06146856068518906,
    "PROPN, ADP": 0.1231721328598287,
    "PROPN, PRON": 0.023683935659076664,
    "PRON, VERB": 0.4511565984356798,
    "NOUN, ADJ": 0.17070678211946727,
    "ADJ, CCONJ": 0.0642009769713887,
    "VERB, _": 0.03148033340221809,
    "ADJ, NOUN": 0.20510331017324554,
    "NOUN, PRON": 0.046052920750736234,
    "VERB, DET": 0.2645633854561319,
    "ADJ, ADP": 0.24148184107527534,
    "NOUN, NOUN": 0.010285262186277526,
    "PUNCT, PROPN": 0.06393887773861126,
    "VERB, ADJ": 0.025969552937934834,
    "ADJ, SCONJ": 0.020571012470038532,
    "SCONJ, DET": 0.31409801136363635,
    "ADP, AUX": 0.004799175848335993,
    "AUX, VERB": 0.4493108229345078,
    "PRON, PUNCT": 0.0582459643867532,
    "PUNCT, ADP": 0.0940108954141438,
    "VERB, VERB": 0.03249064315400335,
    "VERB, PRON": 0.0638561686298822,
    "PRON, NUM": 0.009286070893659511,
    "<BOL>, PROPN": 0.10533249686323715,
    "ADJ, ADV": 0.016596377317272974,
    "ADV, ADP": 0.15993489269351338,
    "DET, ADJ": 0.08405781921022311,
    "CCONJ, ADJ": 0.07091108671789242,
    "DET, PRON": 0.0200717502880486,
    "PRON, ADV": 0.06986187385588284,
    "ADV, VERB": 0.16355196527610322,
    "PUNCT, NOUN": 0.045436912853552815,
    "ADP, SCONJ": 0.016445343417465483,
    "SCONJ, VERB": 0.08904474431818182,
    "PUNCT, PUNCT": 0.10293299151641902,
    "PUNCT, ADV": 0.04069757636066182,
    "ADV, AUX": 0.08620689655172414,
    "AUX, AUX": 0.05448168991110024,
    "AUX, SCONJ": 0.018921784520022838,
    "SCONJ, PRON": 0.24094460227272727,
    "ADP, VERB": 0.054600047740492735,
    "ADJ, PUNCT": 0.2555599381049182,
    "VERB, PUNCT": 0.06153704851782967,
    "PUNCT, SCONJ": 0.03076352228837429,
    "SCONJ, NOUN": 0.049982244318181816,
    "NOUN, AUX": 0.022010021537514836,
    "PUNCT, PRON": 0.0800964733264745,
    "VERB, SCONJ": 0.08392459415398039,
    "ADV, ADJ": 0.13437424644321197,
    "SCONJ, ADV": 0.051580255681818184,
    "ADV, PUNCT": 0.10139860139860139,
    "CCONJ, ADV": 0.057153311379436515,
    "DET, DET": 0.015345134597255682,
    "ADP, PRON": 0.027161827707074388,
    "PUNCT, ADJ": 0.028739606348349666,
    "PUNCT, _": 0.010659290617463022,
    "PRON, DET": 0.02962223331669163,
    "CCONJ, PROPN": 0.09476765459202342,
    "PROPN, _": 0.016790265301859203,
    "PUNCT, CCONJ": 0.05115447538412238,
    "ADP, PUNCT": 0.004887118861263615,
    "NOUN, ADV": 0.024625291195991383,
    "ADV, SCONJ": 0.046780805401495054,
    "SCONJ, PUNCT": 0.06596235795454546,
    "PRON, PRON": 0.14771176568480612,
    "NOUN, PROPN": 0.0171091380598655,
    "CCONJ, VERB": 0.06132455177460666,
    "ADJ, DET": 0.017233532570769743,
    "AUX, PUNCT": 0.023652230650028545,
    "VERB, CCONJ": 0.011251176781244977,
    "PRON, AUX": 0.12884007322349808,
    "ADJ, PROPN": 0.024667010528232045,
    "ADP, ADV": 0.012588414136211163,
    "VERB, NOUN": 0.05887350462675943,
    "CCONJ, ADP": 0.10852542993047933,
    "NOUN, SCONJ": 0.011867610214935606,
    "SCONJ, PROPN": 0.05442116477272727,
    "CCONJ, SCONJ": 0.04244420051225759,
    "SCONJ, AUX": 0.030539772727272728,
    "AUX, ADJ": 0.12397031237256341,
    "ADJ, VERB": 0.0363785309020298,
    "<BOL>, PRON": 0.07741530740276036,
    "PRON, ADP": 0.060442669329339324,
    "CCONJ, PRON": 0.16553238199780462,
    "PRON, NOUN": 0.00802130138126144,
    "<BOL>, CCONJ": 0.03663739021329988,
    "PROPN, ADV": 0.015406308752872362,
    "AUX, ADV": 0.05913057662507137,
    "<BOL>, ADV": 0.0671267252195734,
    "AUX, DET": 0.13636734360981975,
    "<BOL>, PART": 0.0023212045169385197,
    "PART, NOUN": 0.4485294117647059,
    "ADV, PRON": 0.09567156980950084,
    "CCONJ, AUX": 0.011928283937065496,
    "ADV, NOUN": 0.027730889799855316,
    "CCONJ, PUNCT": 0.027369191364800587,
    "ADJ, AUX": 0.01759762128705361,
    "AUX, _": 0.028953592692276323,
    "_, VERB": 0.14643139320516196,
    "ADV, _": 0.02646491439594888,
    "ADP, ADJ": 0.012538160985966808,
    "DET, ADV": 0.005132502356761286,
    "ADJ, _": 0.031554355411268546,
    "NUM, SYM": 0.04330852751006466,
    "SYM, PUNCT": 0.3483709273182957,
    "NOUN, NUM": 0.004252560327018593,
    "NUM, PROPN": 0.011589605953397584,
    "SYM, ADP": 0.3182957393483709,
    "PROPN, ADJ": 0.015589095466889493,
    "PROPN, NUM": 0.004778566952162106,
    "NUM, VERB": 0.011955593509820665,
    "NUM, _": 0.01305355617908991,
    "SYM, _": 0.08270676691729323,
    "NUM, ADJ": 0.02574112480175674,
    "DET, PUNCT": 0.008065360846339164,
    "ADJ, ADJ": 0.027974149701143845,
    "PUNCT, NUM": 0.009428075087281374,
    "NUM, PUNCT": 0.11150420885689886,
    "SCONJ, ADP": 0.06489701704545454,
    "PROPN, DET": 0.011411113432212242,
    "ADP, _": 0.009007877181300803,
    "ADJ, PRON": 0.03346582117175885,
    "AUX, PRON": 0.022673517657613572,
    "VERB, AUX": 0.0056944731464260295,
    "PROPN, NOUN": 0.0019062043033214956,
    "DET, _": 0.001741384728186865,
    "ADV, CCONJ": 0.010368941403424162,
    "ADV, ADV": 0.04943332529539426,
    "<BOL>, VERB": 0.025658720200752824,
    "PRON, SCONJ": 0.005724746214012315,
    "PUNCT, AUX": 0.019345263193402035,
    "SCONJ, _": 0.00985440340909091,
    "DET, VERB": 0.0038493767675709645,
    "NUM, AUX": 0.005733805050628278,
    "DET, CCONJ": 0.00027495548339792603,
    "PROPN, SCONJ": 0.009243785251723417,
    "VERB, PROPN": 0.017106381024545935,
    "DET, ADP": 0.004229077197025244,
    "SCONJ, ADJ": 0.009588068181818182,
    "CCONJ, _": 0.02224661544090743,
    "AUX, NOUN": 0.03131881575727918,
    "ADJ, NUM": 0.007069389241178434,
    "NUM, CCONJ": 0.027205075027449066,
    "NUM, ADV": 0.006465780163474442,
    "ADV, NUM": 0.009645526886906198,
    "<BOL>, ADJ": 0.010225846925972396,
    "CCONJ, NUM": 0.02283205268935236,
    "<BOL>, PUNCT": 0.09404015056461731,
    "PRON, ADJ": 0.014677983025461807,
    "_, AUX": 0.0028970239662891757,
    "AUX, PROPN": 0.006443193866731914,
    "SCONJ, INTJ": 0.0007990056818181819,
    "INTJ, DET": 0.012422360248447204,
    "<BOL>, NOUN": 0.025156838143036386,
    "PRON, PROPN": 0.004792810783824264,
    "VERB, <EOL>": 6.888475580354067e-05,
    "PUNCT, PART": 0.000522844951173028,
    "PART, ADV": 0.47058823529411764,
    "<BOL>, NUM": 0.008657465495608531,
    "<BOL>, _": 0.00915934755332497,
    "<BOL>, SCONJ": 0.026850690087829362,
    "NUM, PRON": 0.010125655727705258,
    "ADP, ADP": 0.0013065819063532546,
    "DET, AUX": 0.0006022834398240284,
    "ADJ, <EOL>": 0.00015170363178494494,
    "PRON, _": 0.004326843068730238,
    "SCONJ, SCONJ": 0.012872869318181818,
    "PRON, CCONJ": 0.006057580296222333,
    "<BOL>, AUX": 0.010915934755332497,
    "SCONJ, CCONJ": 0.0008877840909090909,
    "ADJ, PART": 0.0003034072635698899,
    "NUM, DET": 0.007197755276320605,
    "NUM, NUM": 0.0034158838599487617,