{
    "<BOL>, DET": 0.3490589711417817,
    "DET, NOUN": 0.7150413742536923,
    "NOUN, ADP": 0.3765658652366929,
    "ADP, NOUN": 0.19146450243099614,
    "NOUN, CCONJ": 0.04860225924135203,
    "CCONJ, NOUN": 0.1172338090010977,
    "ADP, PROPN": 0.1196653140193726,
    "PROPN, VERB": 0.08293294338834344,
    "VERB, NUM": 0.01756601607347876,
    "NUM, NOUN": 0.5372697328290839,
    "CCONJ, DET": 0.1964141968532748,
    "DET, NUM": 0.029564261024405573,
    "NUM, ADP": 0.1964133219470538,
    "NOUN, VERB": 0.03714122456155773,
    "VERB, ADP": 0.28,
    "ADP, NUM": 0.0352400216088546,
    "NOUN, PUNCT": 0.21693551931783217,
    "PUNCT, VERB": 0.08188426574016293,
    "VERB, ADV": 0.07368541905855339,
    "ADV, DET": 0.08174584036653001,
    "ADP, DET": 0.5102453610060681,
    "DET, PROPN": 0.11178904367864251,
    "PROPN, PROPN": 0.24294965531648213,
    "PROPN, PUNCT": 0.36149989555044915,
    "PUNCT, <EOL>": 0.268135130120929,
    "<BOL>, ADP": 0.15765370138017565,
    "PUNCT, DET": 0.08281189387934088,
    "NOUN, DET": 0.015120214496066106,
    "PROPN, AUX": 0.029350323793607688,
    "AUX, ADP": 0.04290025283418971,
    "PROPN, CCONJ": 0.06146856068518906,
    "PROPN, ADP": 0.139857948610821,
    "PROPN, PRON": 0.022743889701274285,
    "PRON, VERB": 0.45746035929195766,
    "NOUN, ADJ": 0.17070678211946727,
    "ADJ, CCONJ": 0.0642009769713887,
    "ADJ, NOUN": 0.20510331017324554,
    "NOUN, PRON": 0.04317392642081667,
    "VERB, DET": 0.26493685419058555,
    "ADJ, ADP": 0.2722169968749052,
    "NOUN, NOUN": 0.010285262186277526,
    "PUNCT, PROPN": 0.06393887773861126,
    "VERB, ADJ": 0.0260849598163031,
    "ADJ, SCONJ": 0.020571012470038532,
    "SCONJ, DET": 0.31409801136363635,
    "ADP, AUX": 0.005000188449313416,
    "AUX, VERB": 0.4744311230731588,
    "PRON, PUNCT": 0.06100935564633021,
    "PUNCT, ADP": 0.10254507429458097,
    "VERB, VERB": 0.03706084959816303,
    "VERB, PRON": 0.053111366245694604,
    "PRON, NUM": 0.01225457899591514,
    "<BOL>, PROPN": 0.10533249686323715,
    "ADJ, ADV": 0.0168087624017719,
    "ADV, ADP": 0.18296358813600194,
    "DET, ADJ": 0.08405781921022311,
    "CCONJ, ADJ": 0.07091108671789242,
    "DET, PRON": 0.0200717502880486,
    "PRON, ADV": 0.05582641542583564,
    "ADV, VERB": 0.178201109235592,
    "PUNCT, NOUN": 0.045436912853552815,
    "ADP, SCONJ": 0.016445343417465483,
    "SCONJ, VERB": 0.1737393465909091,
    "PUNCT, PUNCT": 0.1029498574825859,
    "PUNCT, ADV": 0.043699718338365015,
    "ADV, AUX": 0.09006510730648662,
    "AUX, AUX": 0.05488948699127314,
    "AUX, SCONJ": 0.018921784520022838,
    "SCONJ, PRON": 0.10387073863636363,
    "ADP, VERB": 0.06316820985715542,
    "ADJ, PUNCT": 0.2555599381049182,
    "VERB, PUNCT": 0.06950631458094145,
    "PUNCT, SCONJ": 0.03076352228837429,
    "SCONJ, NOUN": 0.049982244318181816,
    "NOUN, AUX": 0.02277921849589029,
    "PUNCT, PRON": 0.06194869373092038,
    "VERB, SCONJ": 0.08422502870264065,
    "ADV, ADJ": 0.13437424644321197,
    "SCONJ, ADV": 0.07697088068181818,
    "ADV, PUNCT": 0.10145888594164457,
    "CCONJ, ADV": 0.06937431394072448,
    "DET, DET": 0.015345134597255682,
    "ADP, PRON": 0.027161827707074388,
    "PUNCT, ADJ": 0.028739606348349666,
    "PRON, DET": 0.03830104976501076,
    "CCONJ, PROPN": 0.09476765459202342,
    "PUNCT, CCONJ": 0.05117134135028925,
    "ADP, PUNCT": 0.004887118861263615,
    "NOUN, ADV": 0.02499890114720232,
    "ADV, SCONJ": 0.046780805401495054,
    "SCONJ, PUNCT": 0.06658380681818182,
    "PRON, PRON": 0.12061316818201784,
    "NOUN, PROPN": 0.0171091380598655,
    "CCONJ, VERB": 0.13340651298938894,
    "ADJ, DET": 0.017233532570769743,
    "AUX, PUNCT": 0.02381534948209771,
    "VERB, CCONJ": 0.011435132032146958,
    "PRON, AUX": 0.12048139851539509,
    "ADJ, PROPN": 0.024667010528232045,
    "ADP, ADV": 0.012588414136211163,
    "VERB, NOUN": 0.05889781859931114,
    "CCONJ, ADP": 0.12455177460665935,
    "NOUN, SCONJ": 0.011867610214935606,
    "SCONJ, PROPN": 0.05442116477272727,
    "CCONJ, SCONJ": 0.04244420051225759,
    "SCONJ, AUX": 0.06303267045454546,
    "AUX, ADJ": 0.12421499062066715,
    "ADJ, VERB": 0.0382899966625201,
    "<BOL>, PRON": 0.04002509410288582,
    "PRON, ADP": 0.08275135063908289,
    "CCONJ, PRON": 0.07369191364800586,
    "PRON, NOUN": 0.010497650107611894,
    "<BOL>, CCONJ": 0.03663739021329988,
    "PROPN, ADV": 0.015458533528305828,
    "AUX, ADV": 0.05913057662507137,
    "<BOL>, ADV": 0.07396486825595985,
    "AUX, DET": 0.13644890302585433,
    "<BOL>, PART": 0.002383939774153074,
    "PART, NOUN": 0.4485294117647059,
    "ADV, PRON": 0.07873161321437183,
    "CCONJ, AUX": 0.025027442371020857,
    "ADV, NOUN": 0.027730889799855316,
    "CCONJ, PUNCT": 0.027515550676911818,
    "ADJ, AUX": 0.017870687824266512,
    "ADP, ADJ": 0.012538160985966808,
    "DET, ADV": 0.005132502356761286,
    "NUM, SYM": 0.04330852751006466,
    "SYM, PUNCT": 0.3483709273182957,
    "NOUN, NUM": 0.004252560327018593,
    "NUM, PROPN": 0.011589605953397584,
    "SYM, ADP": 0.39849624060150374,
    "PROPN, ADJ": 0.015589095466889493,
    "PROPN, NUM": 0.004778566952162106,
    "NUM, VERB": 0.012931560326948885,
    "NUM, ADJ": 0.02574112480175674,
    "DET, PUNCT": 0.008065360846339164,
    "ADJ, ADJ": 0.027974149701143845,
    "PUNCT, NUM": 0.009428075087281374,
    "NUM, PUNCT": 0.11150420885689886,
    "SCONJ, ADP": 0.06827059659090909,
    "PROPN, DET": 0.011411113432212242,
    "ADJ, PRON": 0.031888103401195425,
    "AUX, PRON": 0.022021042329336923,
    "VERB, AUX": 0.005993111366245695,
    "PROPN, NOUN": 0.0019062043033214956,
    "DET, ADP": 0.005211061066303551,
    "ADV, CCONJ": 0.010368941403424162,
    "ADV, ADV": 0.05112129250060284,
    "<BOL>, VERB": 0.04887076537013802,
    "PRON, SCONJ": 0.006983792331005403,
    "PUNCT, AUX": 0.02437132111112985,
    "DET, VERB": 0.0046087776264795224,
    "NUM, AUX": 0.005855800902769306,
    "DET, CCONJ": 0.00027495548339792603,
    "PROPN, SCONJ": 0.009243785251723417,
    "VERB, PROPN": 0.017106773823191732,
    "SCONJ, ADJ": 0.009588068181818182,
    "AUX, NOUN": 0.03131881575727918,
    "ADJ, NUM": 0.007069389241178434,
    "NUM, CCONJ": 0.027205075027449066,
    "NUM, ADV": 0.006465780163474442,
    "ADV, NUM": 0.009645526886906198,
    "<BOL>, ADJ": 0.010225846925972396,
    "CCONJ, NUM": 0.02283205268935236,
    "<BOL>, PUNCT": 0.09404015056461731,
    "PRON, ADJ": 0.019018755215882636,
    "AUX, PROPN": 0.006443193866731914,
    "SCONJ, INTJ": 0.0008877840909090909,
    "INTJ, DET": 0.012422360248447204,
    "<BOL>, NOUN": 0.025156838143036386,
    "PRON, PROPN": 0.0063249439978916855,
    "VERB, <EOL>": 9.184845005740528e-05,
    "PUNCT, PART": 0.000522844951173028,
    "PART, ADV": 0.47058823529411764,
    "<BOL>, NUM": 0.008657465495608531,
    "<BOL>, SCONJ": 0.026850690087829362,
    "NUM, PRON": 0.009271684762718068,
    "ADP, ADP": 0.0015452843700139453,
    "DET, AUX": 0.0006022834398240284,
    "ADJ, <EOL>": 0.00015170363178494494,
    "SCONJ, SCONJ": 0.012872869318181818,
    "PRON, CCONJ": 0.007466947775288795,
    "<BOL>, AUX": 0.0191969887076537,
    "SCONJ, CCONJ": 0.001065340909090909,
    "ADJ, PART": 0.0003034072635698899,
    "NUM, DET": 0.007197755276320605,
    "NUM, NUM": 0.0034158838599487617,
    "PRON, PART": 0.00021961611103790574,
    "ADV, PROPN": 0.006390161562575355,
    "PUNCT, INTJ": 0.0012143495640147745,
    "INTJ, INTJ": 0.018633540372670808,
    "INTJ, PUNCT": 0.6149068322981367,
    "INTJ, SCONJ": 0.055900621118012424,
    "<BOL>, INTJ": 0.0018820577164366374,
    "AUX, NUM": 0.0036701737215561535,
    "CCONJ, INTJ": 0.000951335528723015,
    "INTJ, VERB": 0.10559006211180125,
    "SCONJ, PART": 0.0006214488636363636,
    "NOUN, <EOL>": 0.00016482791965188344,
    "DET, PART": 2.6186236514088194e-05,
    "PROPN, PART": 0.0002611238771673282,
    "PART, PROPN": 0.029411764705882353,
    "CCONJ, CCONJ": 0.0006586169045005489,
    "INTJ, ADV": 0.012422360248447204,