{
    "<BOL>, DET": -1.518457304335595,
    "DET, NOUN": -0.4839013722919114,
    "NOUN, ADP": -1.4090258657416312,
    "ADP, NOUN": -2.3848511539843713,
    "NOUN, CCONJ": -4.362832811735063,
    "CCONJ, NOUN": -3.0925394070018593,
    "ADP, PROPN": -3.0629230590970087,
    "PROPN, VERB": -3.5919108935768085,
    "VERB, NUM": -5.831069160793575,
    "NUM, NOUN": -0.8962815289944501,
    "CCONJ, DET": -2.3480288832103855,
    "DET, NUM": -5.080001973208256,
    "NUM, ADP": -2.34803530955684,
    "NOUN, VERB": -4.75083480746417,
    "VERB, ADP": -1.8365012677171204,
    "ADP, NUM": -4.8266413808689,
    "NOUN, PUNCT": -2.204661806983881,
    "PUNCT, VERB": -3.6102699286215567,
    "VERB, ADV": -3.762477024091782,
    "ADV, DET": -3.612710868769618,
    "ADP, DET": -0.970736934109454,
    "DET, PROPN": -3.1611492967336186,
    "PROPN, PROPN": -2.041270709246548,
    "PROPN, PUNCT": -1.4679328645543186,
    "PUNCT, <EOL>": -1.898967846357589,
    "<BOL>, ADP": -2.6651690529971788,
    "PUNCT, DET": -3.594018199726056,
    "NOUN, DET": -6.047377583931619,
    "PROPN, AUX": -5.09047977049884,
    "AUX, ADP": -4.542870039449513,
    "PROPN, CCONJ": -4.024007485681322,
    "PROPN, ADP": -2.8379658453954555,
    "PROPN, PRON": -5.458377182120902,
    "PRON, VERB": -1.1282813611752331,
    "NOUN, ADJ": -2.550407717624514,
    "ADJ, CCONJ": -3.961260938205133,
    "ADJ, NOUN": -2.285577319149612,
    "NOUN, PRON": -4.53369588617503,
    "VERB, DET": -1.9162795503125358,
    "ADJ, ADP": -1.8771709452328862,
    "NOUN, NOUN": -6.603277619050312,
    "PUNCT, PROPN": -3.967162767757467,
    "VERB, ADJ": -5.260637978868907,
    "ADJ, SCONJ": -5.603243387182815,
    "SCONJ, DET": -1.670713285946839,
    "ADP, AUX": -7.643801815821407,
    "AUX, VERB": -1.0757294399138662,
    "PRON, PUNCT": -4.03482569612185,
    "PUNCT, ADP": -3.2856699005971635,
    "VERB, VERB": -4.753960235095809,
    "VERB, PRON": -4.234835547737399,
    "PRON, NUM": -6.350535268274054,
    "<BOL>, PROPN": -3.246977493940804,
    "ADJ, ADV": -5.894642684269971,
    "ADV, ADP": -2.450371530762917,
    "DET, ADJ": -3.572474161971592,
    "CCONJ, ADJ": -3.817844983995488,
    "DET, PRON": -5.63868976232248,
    "PRON, ADV": -4.162908265098284,
    "ADV, VERB": -2.4884217777598105,
    "PUNCT, NOUN": -4.459991373465808,
    "ADP, SCONJ": -5.9261770544198145,
    "SCONJ, VERB": -2.5250035780104936,
    "PUNCT, PUNCT": -3.2799862620935807,
    "PUNCT, ADV": -4.516232208748017,
    "ADV, AUX": -3.4728878991167242,
    "AUX, AUX": -4.187326334131498,
    "AUX, SCONJ": -5.723808033614243,
    "SCONJ, PRON": -3.2671388041665304,
    "ADP, VERB": -3.984657501944548,
    "ADJ, PUNCT": -1.9682663995543288,
    "VERB, PUNCT": -3.8467121385460756,
    "PUNCT, SCONJ": -5.022635494763369,
    "SCONJ, NOUN": -4.322440506557068,
    "NOUN, AUX": -5.456137937524302,
    "PUNCT, PRON": -4.012782328196454,
    "VERB, SCONJ": -3.5696071747785347,
    "ADV, ADJ": -2.895671430646209,
    "SCONJ, ADV": -3.699543435415462,
    "ADV, PUNCT": -3.3010328705760124,
    "CCONJ, ADV": -3.8494545905123103,
    "DET, DET": -6.026074889559009,
    "ADP, PRON": -5.202275628630406,
    "PUNCT, ADJ": -5.120815888702273,
    "PRON, DET": -4.706472255326316,
    "CCONJ, PROPN": -3.399461456836653,
    "PUNCT, CCONJ": -4.288520138681077,
    "ADP, PUNCT": -7.676800091378864,
    "NOUN, ADV": -5.321991508660296,
    "ADV, SCONJ": -4.417939489718834,
    "SCONJ, PUNCT": -3.908684833254054,
    "PRON, PRON": -3.0515406699561414,
    "NOUN, PROPN": -5.86908910955468,
    "CCONJ, VERB": -2.906098993371435,
    "ADJ, DET": -5.858637730814476,
    "AUX, PUNCT": -5.391964469861797,
    "VERB, CCONJ": -6.4503831663055085,
    "PRON, AUX": -3.053117673254965,
    "ADJ, PROPN": -5.341273308244131,
    "ADP, ADV": -6.3117596431698475,
    "VERB, NOUN": -4.085641987879173,
    "CCONJ, ADP": -3.0051825177246068,
    "NOUN, SCONJ": -6.396826741582886,
    "SCONJ, PROPN": -4.199688354946516,
    "CCONJ, SCONJ": -4.5582887493956346,
    "SCONJ, AUX": -3.987756404245253,
    "AUX, ADJ": -3.0090888022545226,
    "ADJ, VERB": -4.706888655336609,
    "<BOL>, PRON": -4.642951395112965,
    "PRON, ADP": -3.595073330490459,
    "CCONJ, PRON": -3.7623498714037846,
    "PRON, NOUN": -6.573789772122494,
    "<BOL>, CCONJ": -4.770539449997817,
    "PROPN, ADV": -6.0154527250908165,
    "AUX, ADV": -4.079951843839518,
    "<BOL>, ADV": -3.7570160058980715,
    "AUX, DET": -2.8735672987034624,
    "<BOL>, PART": -8.712436495434249,
    "PART, NOUN": -1.156725503687453,
    "ADV, PRON": -3.6669131503595307,
    "CCONJ, AUX": -5.320345324524672,
    "ADV, NOUN": -5.172362280961586,
    "CCONJ, PUNCT": -5.183608987732932,
    "ADJ, AUX": -5.806261026488698,
    "ADP, ADJ": -6.317530431027795,
    "DET, ADV": -7.606121899866049,
    "NUM, SYM": -4.529205068166775,
    "SYM, PUNCT": -1.5213038634988385,
    "NOUN, NUM": -7.8774525824893065,
    "NUM, PROPN": -6.431024674227872,
    "SYM, ADP": -1.3273619809379904,
    "PROPN, ADJ": -6.003318969454961,
    "PROPN, NUM": -7.709206252435724,
    "NUM, VERB": -6.27295982799562,
    "NUM, ADJ": -5.279781093851634,
    "DET, PUNCT": -6.954045203286356,
    "ADJ, ADJ": -5.159761909889821,
    "PUNCT, NUM": -6.728821036084922,
    "NUM, PUNCT": -3.1648299275007497,
    "SCONJ, ADP": -3.872591830675471,
    "PROPN, DET": -6.4534166212191675,
    "ADJ, PRON": -4.97083789635698,
    "AUX, PRON": -5.504973431690984,
    "VERB, AUX": -7.382479101803705,
    "PROPN, NOUN": -9.035081531839749,
    "DET, ADP": -7.584207123437609,
    "ADV, CCONJ": -6.591587577203864,
    "ADV, ADV": -4.289931877342762,
    "<BOL>, VERB": -4.354884490816165,
    "PRON, SCONJ": -7.161773624818887,
    "PUNCT, AUX": -5.3586717315400705,
    "DET, VERB": -7.76140012534396,
    "NUM, AUX": -7.415917781837663,
    "DET, CCONJ": -11.828514321202498,
    "PROPN, SCONJ": -6.757300540636769,
    "VERB, PROPN": -5.869288483024065,
    "SCONJ, ADJ": -6.704544116473829,
    "AUX, NOUN": -4.996826528020659,
    "ADJ, NUM": -7.144198705664878,
    "NUM, CCONJ": -5.199980382638515,
    "NUM, ADV": -7.27295982799562,
    "ADV, NUM": -6.695924237018599,
    "<BOL>, ADJ": -6.611635854646757,
    "CCONJ, NUM": -5.452795620548321,
    "<BOL>, PUNCT": -3.4105793409299747,
    "PRON, ADJ": -5.716433365376517,
    "AUX, PROPN": -7.278008280564712,
    "SCONJ, INTJ": -10.137503523749935,
    "INTJ, DET": -6.330916878114617,
    "<BOL>, NOUN": -5.312905582422914,
    "PRON, PROPN": -7.30473157866093,
    "VERB, <EOL>": -13.41038509837359,
    "PUNCT, PART": -10.901329198541235,
    "PART, ADV": -1.0874628412503393,
    "<BOL>, NUM": -6.8518395520996656,
    "<BOL>, SCONJ": -5.218897022476687,
    "NUM, PRON": -6.752952769115233,
    "ADP, ADP": -9.337911931025817,
    "DET, AUX": -10.697269787924245,
    "ADJ, <EOL>": -12.686456755431797,
    "SCONJ, SCONJ": -6.279522528622363,
    "PRON, CCONJ": -7.065265643965541,
    "<BOL>, AUX": -5.7029761661851825,
    "SCONJ, CCONJ": -9.87446911791614,
    "ADJ, PART": -11.686456755431797,
    "NUM, DET": -7.118237233196978,
    "NUM, NUM": -8.193525360501216,
    "PRON, PART": -12.15272848521588,
    "ADV, PROPN": -7.289931877342762,
    "PUNCT, INTJ": -9.685600507485798,
    "INTJ, INTJ": -5.745954377393461,
    "INTJ, PUNCT": -0.7015602580350072,
    "INTJ, SCONJ": -4.160991876672305,
    "<BOL>, INTJ": -9.053473413269316,
    "AUX, NUM": -8.089935932412141,
    "CCONJ, INTJ": -10.037758121269476,
    "INTJ, VERB": -3.2434540368642777,
    "SCONJ, PART": -10.652076696579693,
    "NOUN, <EOL>": -12.566751743025199,
    "DET, PART": -15.220831743981257,
    "PROPN, PART": -11.902977995832403,
    "PART, PROPN": -5.087462841250339,
    "CCONJ, CCONJ": -10.568272837968257,
    "INTJ, ADV": -6.330916878114617,
    "PRON, INTJ": -10.387193738852902,
    "NUM, SCONJ": -9.300440564417727,
    "AUX, CCONJ": -9.122357410104518,
    "SCONJ, NUM": -7.9675785223076225,
    "SYM, AUX": -7.05528243550119,
    "<BOL>, SYM": -12.960364008877834,