{
    "<BOL>, DET": 0.3474487296143347,
    "DET, NOUN": 0.7162116665446827,
    "NOUN, ADP": 0.3189126776479837,
    "ADP, NOUN": 0.19108253369727327,
    "NOUN, CCONJ": 0.048494675166746506,
    "CCONJ, NOUN": 0.11743509950045042,
    "ADP, PROPN": 0.12045192334749698,
    "PROPN, VERB": 0.08117574943810385,
    "VERB, NUM": 0.017210423720119012,
    "NUM, NOUN": 0.5389583619623471,
    "CCONJ, DET": 0.19621652608303988,
    "DET, NUM": 0.029393251848056797,
    "NUM, ADP": 0.18427923594888004,
    "NOUN, VERB": 0.03514267113780693,
    "VERB, ADP": 0.2528726787729558,
    "ADP, NUM": 0.03520274643329488,
    "NOUN, PUNCT": 0.216850302784636,
    "PUNCT, VERB": 0.0697138974862233,
    "VERB, ADV": 0.0726120857699805,
    "ADV, DET": 0.0808576421562038,
    "NOUN, _": 0.05721585535124246,
    "_, ADP": 0.8492447428176523,
    "ADP, DET": 0.5097785406759152,
    "DET, PROPN": 0.11070775085998683,
    "PROPN, PROPN": 0.2448699611780846,
    "PROPN, PUNCT": 0.36066435097346683,
    "PUNCT, <EOL>": 0.26906091945346117,
    "<BOL>, ADP": 0.14887660110590048,
    "PUNCT, DET": 0.0830565411036461,
    "NOUN, DET": 0.015231356941936593,
    "PROPN, AUX": 0.029744008873580665,
    "AUX, ADP": 0.04050266702829762,
    "PROPN, CCONJ": 0.06158965527306693,
    "PROPN, ADP": 0.12315012113605184,
    "PROPN, PRON": 0.023205581015207682,
    "PRON, VERB": 0.4517196504926566,
    "NOUN, ADJ": 0.1707385979781602,
    "ADJ, CCONJ": 0.0638724590386838,
    "VERB, _": 0.03100954139735303,
    "ADJ, NOUN": 0.2038207899925216,
    "NOUN, PRON": 0.04565722076869219,
    "VERB, DET": 0.26438904278239456,
    "ADJ, ADP": 0.24053300700251545,
    "NOUN, NOUN": 0.010416282811905025,
    "PUNCT, PROPN": 0.06416547142749301,
    "VERB, ADJ": 0.0261105981327588,
    "ADJ, SCONJ": 0.020871575226052076,
    "SCONJ, DET": 0.3149684044233807,
    "ADP, AUX": 0.004811886203112249,
    "AUX, VERB": 0.44607178374468853,
    "PRON, PUNCT": 0.05755716675962075,
    "PUNCT, ADP": 0.09319091114969427,
    "VERB, VERB": 0.03288191238329743,
    "VERB, PRON": 0.06358366676926233,
    "PRON, NUM": 0.00910949990704592,
    "<BOL>, PROPN": 0.10450059494645482,
    "ADJ, ADV": 0.016486504860969475,
    "ADV, ADP": 0.16016937760451674,
    "DET, ADJ": 0.0836712288662812,
    "CCONJ, ADJ": 0.06928179510277618,
    "DET, PRON": 0.020332284271389885,
    "PRON, ADV": 0.06997583193902213,
    "ADV, VERB": 0.16440381771743515,
    "PUNCT, NOUN": 0.04534989054125462,
    "ADP, SCONJ": 0.016278808002926526,
    "SCONJ, VERB": 0.08827014218009478,
    "PUNCT, PUNCT": 0.10272137087642486,
    "PUNCT, ADV": 0.04099041292368083,
    "ADV, AUX": 0.08663798897701304,
    "AUX, AUX": 0.05478708977488473,
    "AUX, SCONJ": 0.01871440195280716,
    "SCONJ, PRON": 0.24002764612954186,
    "ADP, VERB": 0.054309592818752285,
    "ADJ, PUNCT": 0.2564756271670406,
    "VERB, PUNCT": 0.06078793474915359,
    "PUNCT, SCONJ": 0.03079942628519665,
    "SCONJ, NOUN": 0.05005924170616114,
    "NOUN, AUX": 0.0223925513751213,
    "PUNCT, PRON": 0.07992375632218615,
    "VERB, SCONJ": 0.08466707704934852,
    "ADV, ADJ": 0.13462831025675495,
    "SCONJ, ADV": 0.05173775671406003,
    "ADV, PUNCT": 0.10115606936416185,
    "CCONJ, ADV": 0.05740725575300958,
    "DET, DET": 0.015735929151723633,
    "ADP, PRON": 0.027633171061147536,
    "PUNCT, ADJ": 0.02836491281044765,
    "PUNCT, _": 0.010549558390578999,
    "PRON, DET": 0.030191485406209334,
    "CCONJ, PROPN": 0.09311276717713537,
    "PROPN, _": 0.016462827286260546,
    "PUNCT, CCONJ": 0.05112478296972899,
    "ADP, PUNCT": 0.004896305259307201,
    "NOUN, ADV": 0.025021188782842613,
    "ADV, SCONJ": 0.04664605457722812,
    "SCONJ, PUNCT": 0.0669431279620853,
    "PRON, PRON": 0.1476482617586912,
    "NOUN, PROPN": 0.017221260026286375,
    "CCONJ, VERB": 0.0625665383670461,
    "ADJ, DET": 0.017574274253858182,
    "AUX, PUNCT": 0.023596419853539462,
    "VERB, CCONJ": 0.011490715091823126,
    "PRON, AUX": 0.1290574456218628,
    "ADJ, PROPN": 0.024270854578829288,
    "ADP, ADV": 0.012564369530348651,
    "VERB, NOUN": 0.05955678670360111,
    "CCONJ, ADP": 0.11137498976332814,
    "NOUN, SCONJ": 0.012013118620333862,
    "SCONJ, PROPN": 0.05381121642969984,
    "CCONJ, SCONJ": 0.04274834165915977,
    "SCONJ, AUX": 0.030410742496050552,
    "AUX, ADJ": 0.12331615586294187,
    "ADJ, VERB": 0.03684818818410497,
    "<BOL>, PRON": 0.0790228879400854,
    "PRON, ADP": 0.05960215653467187,
    "CCONJ, PRON": 0.16411432315125707,
    "PRON, NOUN": 0.008217140732478156,
    "<BOL>, CCONJ": 0.037096661300482954,
    "PROPN, ADV": 0.015470387343471788,
    "AUX, ADV": 0.059397884458909686,
    "<BOL>, ADV": 0.0683138517533422,
    "AUX, DET": 0.13741976313172408,
    "<BOL>, PART": 0.002379785819276265,
    "PART, NOUN": 0.4426229508196721,
    "ADV, PRON": 0.09604785589460949,
    "CCONJ, AUX": 0.012365899598722464,
    "ADV, NOUN": 0.027893534077160907,
    "CCONJ, PUNCT": 0.027598067316354107,
    "ADJ, AUX": 0.017948194982663677,
    "AUX, _": 0.028659253232076666,
    "_, VERB": 0.14759601145226578,
    "ADV, _": 0.026213200699018686,
    "ADP, ADJ": 0.012550299687649492,
    "DET, ADV": 0.005020859254922052,
    "ADJ, _": 0.03164729077435584,
    "NUM, SYM": 0.04383674591177683,
    "SYM, PUNCT": 0.3659217877094972,
    "NOUN, NUM": 0.0042500399208952105,
    "NUM, PROPN": 0.011818056891576199,
    "SYM, ADP": 0.30446927374301674,
    "PROPN, ADJ": 0.0156163343938819,
    "PROPN, NUM": 0.004699495023205581,
    "NUM, VERB": 0.011405799093032843,
    "NUM, _": 0.012779991754844029,
    "SYM, _": 0.07541899441340782,
    "NUM, ADJ": 0.024872887178782464,
    "DET, PUNCT": 0.007919197833565103,
    "ADJ, ADJ": 0.02770412672513427,
    "PUNCT, NUM": 0.009228504567071789,
    "NUM, PUNCT": 0.11075992854198159,
    "SCONJ, ADP": 0.06477093206951026,
    "PROPN, DET": 0.011354680521906652,
    "ADP, _": 0.009159467597152264,
    "ADJ, PRON": 0.03392480794071657,
    "AUX, PRON": 0.023596419853539462,
    "VERB, AUX": 0.005668410793064533,
    "PROPN, NOUN": 0.00195569047549549,
    "DET, _": 0.0016980165410232014,
    "ADV, CCONJ": 0.009880360263476273,
    "ADV, ADV": 0.04866245463099879,
    "<BOL>, VERB": 0.025827675509204173,
    "PRON, SCONJ": 0.005911879531511433,
    "PUNCT, AUX": 0.01953272439042802,
    "SCONJ, _": 0.010071090047393365,
    "DET, VERB": 0.0038790895118202447,
    "NUM, AUX": 0.005221932114882507,
    "DET, CCONJ": 0.00029276147259020715,
    "PROPN, SCONJ": 0.009428179456493184,
    "VERB, PROPN": 0.016774392120652508,
    "DET, ADP": 0.004332869794335065,
    "SCONJ, ADJ": 0.009676145339652449,
    "CCONJ, _": 0.0220293178281877,
    "AUX, NOUN": 0.031461893138052616,
    "ADJ, NUM": 0.007512407369637637,
    "NUM, CCONJ": 0.0273464339700426,
    "NUM, ADV": 0.006596124776693692,
    "ADV, NUM": 0.010014786933727652,
    "<BOL>, ADJ": 0.010149086582207601,
    "CCONJ, NUM": 0.022274997952665628,
    "<BOL>, PUNCT": 0.09540141387275146,
    "PRON, ADJ": 0.01457519985127347,
    "_, AUX": 0.0030605193010168823,
    "AUX, PROPN": 0.006690172678781304,
    "SCONJ, INTJ": 0.0008886255924170616,
    "INTJ, DET": 0.013245033112582781,
    "<BOL>, NOUN": 0.024917757401833836,
    "PRON, PROPN": 0.0050195203569436695,
    "VERB, <EOL>": 7.694675284702985e-05,
    "PUNCT, PART": 0.0004718049369668604,
    "PART, ADV": 0.47540983606557374,
    "<BOL>, NUM": 0.007349338559529643,
    "<BOL>, _": 0.009169174774270315,
    "<BOL>, SCONJ": 0.0271575558199762,
    "NUM, PRON": 0.010443864229765013,
    "ADP, ADP": 0.001238146157525959,
    "DET, AUX": 0.0006294371660689453,
    "ADJ, <EOL>": 0.00010197838058331633,
    "PRON, _": 0.004164342814649563,
    "SCONJ, SCONJ": 0.012539494470774092,
    "PRON, CCONJ": 0.006023424428332404,
    "<BOL>, AUX": 0.0102890739833415,
    "SCONJ, CCONJ": 0.0007898894154818325,
    "ADJ, PART": 0.0003399279352777211,
    "NUM, DET": 0.007283221107599286,
    "NUM, NUM": 0.0026109660574412533,