{
    "<BOL>, PRON": 0.3055685540477305,
    "PRON, AUX": 0.36532097948378556,
    "AUX, DET": 0.33833718244803695,
    "DET, NOUN": 0.7103810775295664,
    "NOUN, ADP": 0.45644356803155084,
    "ADP, DET": 0.06486887220832174,
    "NOUN, NOUN": 0.17886556083980976,
    "ADP, PROPN": 0.7093874525067185,
    "PROPN, ADP": 0.4044779960538732,
    "PROPN, VERB": 0.03971862400274513,
    "VERB, ADP": 0.2911860718171926,
    "ADP, NOUN": 0.12964507459920305,
    "NOUN, NUM": 0.01774736109500058,
    "NUM, ADJ": 0.11361200428724544,
    "ADJ, CCONJ": 0.00857843137254902,
    "CCONJ, VERB": 0.2170439414114514,
    "NOUN, ADJ": 0.03862660944206009,
    "ADJ, <EOL>": 0.15073529411764705,
    "<BOL>, ADV": 0.037201684604585866,
    "ADV, PRON": 0.048723897911832945,
    "PRON, VERB": 0.20880211780277963,
    "VERB, DET": 0.19869423286180632,
    "NOUN, VERB": 0.06449367822758381,
    "VERB, PROPN": 0.05636561479869423,
    "PROPN, PROPN": 0.22878956849961396,
    "PROPN, CCONJ": 0.04229218495324698,
    "PROPN, DET": 0.004289268250836407,
    "DET, ADJ": 0.16268068331143232,
    "ADJ, ADP": 0.15625,
    "ADP, NUM": 0.04550088036326568,
    "NUM, NOUN": 0.5744908896034298,
    "ADJ, NOUN": 0.5049019607843137,
    "NOUN, <EOL>": 0.15044658392297877,
    "VERB, PART": 0.05527747551686616,
    "PART, VERB": 0.9426229508196722,
    "VERB, ADJ": 0.013492927094668117,
    "NOUN, CCONJ": 0.02192321076441248,
    "DET, VERB": 0.011300919842312747,
    "VERB, NOUN": 0.09336235038084875,
    "NOUN, PROPN": 0.022503189885164133,
    "PROPN, <EOL>": 0.21111778330616796,
    "<BOL>, VERB": 0.33130556855404775,
    "VERB, PRON": 0.25680087051142547,
    "PRON, DET": 0.26505625413633355,
    "PROPN, PRON": 0.005833404821137514,
    "DET, PROPN": 0.06438896189224705,
    "PROPN, NOUN": 0.03877498498756112,
    "ADP, VERB": 0.027059586692614216,
    "VERB, ADV": 0.00500544069640914,
    "ADV, ADP": 0.20417633410672853,
    "ADV, VERB": 0.07424593967517401,
    "PRON, NOUN": 0.09596293845135671,
    "ADJ, NUM": 0.05269607843137255,
    "CCONJ, PROPN": 0.4380825565912117,
    "AUX, NOUN": 0.036374133949191687,
    "<BOL>, DET": 0.12166588675713617,
    "NOUN, AUX": 0.030506901751536943,
    "AUX, ADJ": 0.10103926096997691,
    "NUM, NUM": 0.007502679528403001,
    "NUM, <EOL>": 0.0782422293676313,
    "ADV, ADJ": 0.21345707656612528,
    "ADJ, ADJ": 0.029411764705882353,
    "ADJ, DET": 0.02022058823529412,
    "<BOL>, INTJ": 0.05779129620963968,
    "INTJ, ADP": 0.025078369905956112,
    "ADJ, PRON": 0.00980392156862745,
    "ADJ, PART": 0.015318627450980392,
    "ADP, ADJ": 0.004540821054582522,
    "AUX, PROPN": 0.0825635103926097,
    "ADP, <EOL>": 0.0019460661662496525,
    "CCONJ, NUM": 0.047936085219707054,
    "DET, ADP": 0.002628120893561104,
    "<BOL>, NOUN": 0.0500701918577445,
    "AUX, PRON": 0.15069284064665128,
    "PROPN, ADJ": 0.00832118040662263,
    "<BOL>, PROPN": 0.02152550304164717,
    "AUX, VERB": 0.21709006928406466,
    "PRON, ADP": 0.03209794837855725,
    "ADJ, PROPN": 0.01715686274509804,
    "<BOL>, ADJ": 0.0070191857744501636,
    "ADJ, AUX": 0.015931372549019607,
    "PRON, ADJ": 0.004632693580410324,
    "<BOL>, AUX": 0.05100608329433785,
    "NOUN, PRON": 0.007307736921470827,
    "CCONJ, NOUN": 0.13049267643142476,
    "NUM, ADV": 0.07717041800643087,
    "ADV, CCONJ": 0.004640371229698376,
    "VERB, VERB": 0.00500544069640914,
    "INTJ, VERB": 0.6833855799373041,
    "NOUN, ADV": 0.002551908131307273,
    "NUM, ADP": 0.09217577706323687,
    "DET, DET": 0.0278580814717477,
    "PROPN, NUM": 0.006519687741271339,
    "ADV, AUX": 0.12296983758700696,
    "CCONJ, ADV": 0.022636484687083888,
    "DET, ADV": 0.006307490144546649,
    "ADV, NOUN": 0.1368909512761021,
    "PROPN, ADV": 0.0031740585056189412,
    "ADP, ADV": 0.0016680567139282735,
    "CCONJ, DET": 0.037283621837549935,
    "ADP, ADP": 0.004911500324344361,
    "ADP, PRON": 0.0026874247057733294,
    "NOUN, DET": 0.006147778679967521,
    "ADJ, VERB": 0.013480392156862746,
    "VERB, NUM": 0.004134929270946681,
    "NOUN, INTJ": 0.0011599582415033058,
    "INTJ, <EOL>": 0.13793103448275862,
    "NUM, VERB": 0.01607717041800643,
    "VERB, <EOL>": 0.017845484221980415,
    "PRON, NUM": 0.003639973527465255,
    "ADV, ADV": 0.07424593967517401,
    "ADV, <EOL>": 0.07192575406032482,
    "VERB, CCONJ": 0.0017410228509249185,
    "NUM, CCONJ": 0.023579849946409433,
    "AUX, ADP": 0.06004618937644342,
    "ADP, AUX": 0.001297377444166435,
    "ADV, NUM": 0.004640371229698376,
    "PROPN, AUX": 0.0018872780303680191,
    "PRON, PRON": 0.0026472534745201853,
    "PROPN, INTJ": 0.003517199965685854,
    "PART, <EOL>": 0.00273224043715847,
    "PRON, PROPN": 0.006949040370615486,
    "CCONJ, ADP": 0.0492676431424767,
    "NOUN, PART": 0.0012759540656536365,
    "PROPN, PART": 0.0012867804752509221,
    "PART, PROPN": 0.02459016393442623,
    "PRON, ADV": 0.004301786896095301,
    "NUM, PROPN": 0.00857449088960343,
    "<BOL>, ADP": 0.014974262985493684,
    "INTJ, NOUN": 0.009404388714733543,
    "NUM, PRON": 0.004287245444801715,
    "DET, NUM": 0.012877792378449408,
    "PART, NOUN": 0.02459016393442623,
    "ADV, PROPN": 0.016241299303944315,
    "<BOL>, CCONJ": 0.001169864295741694,
    "AUX, ADV": 0.0040415704387990765,
    "ADV, DET": 0.02088167053364269,
    "ADP, CCONJ": 0.0012047076267259753,
    "CCONJ, ADJ": 0.007989347536617843,
    "AUX, AUX": 0.008083140877598153,
    "INTJ, PRON": 0.09717868338557993,
    "CCONJ, PRON": 0.043941411451398134,
    "VERB, AUX": 0.001088139281828074,
    "ADP, PART": 0.0052821795941062,
    "PRON, PART": 0.0006618133686300463,
    "PRON, <EOL>": 0.004632693580410324,
    "ADJ, ADV": 0.003676470588235294,
    "INTJ, CCONJ": 0.01567398119122257,
    "AUX, <EOL>": 0.0017321016166281756,
    "PRON, INTJ": 0.005294506949040371,
    "NUM, INTJ": 0.0010718113612004287,
    "NUM, DET": 0.0021436227224008574,
    "ADV, INTJ": 0.002320185614849188,
    "PART, ADJ": 0.00273224043715847,
    "INTJ, DET": 0.012539184952978056,
    "DET, PRON": 0.0005256241787122207,
    "ADJ, INTJ": 0.001838235294117647,
    "<BOL>, NUM": 0.0007019185774450163,
    "CCONJ, AUX": 0.005326231691078562,
    "NUM, AUX": 0.0010718113612004287,
    "INTJ, AUX": 0.01567398119122257,
    "DET, <EOL>": 0.00026281208935611036,
    "DET, AUX": 0.0007884362680683311,
    "ADV, PART": 0.004640371229698376,
    "PART, ADP": 0.00273224043715847,
    "INTJ, ADV": 0.003134796238244514
}